{
  "themes": {
    "nomad": {
      "name": "Nomad",
      "tokens": {
        "--background": "#fdfdfd",
        "--foreground": "#1a1a1a",
        "--card": "#ffffff",
        "--card-foreground": "#1a1a1a",
        "--popover": "#f5f5f5",
        "--popover-foreground": "#1a1a1a",
        "--muted": "#e5e5e5",
        "--muted-foreground": "#555555",
        "--primary": "#4f46e5",
        "--primary-foreground": "#ffffff",
        "--primary-hover": "#4338ca",
        "--secondary": "#10b981",
        "--secondary-foreground": "#ffffff",
        "--secondary-hover": "#059669",
        "--accent": "#f59e0b",
        "--accent-foreground": "#1a1a1a",
        "--destructive": "#ef4444",
        "--destructive-foreground": "#ffffff",
        "--border": "#e5e7eb",
        "--input": "#d1d5db",
        "--ring": "#4f46e5",
        "--link": "#2563eb"
      }
    },
    "quadratic": {
      "name": "Quadratic",
      "tokens": {
        "--background": "#0f172a",
        "--foreground": "#f8fafc",
        "--card": "#1e293b",
        "--card-foreground": "#f8fafc",
        "--popover": "#1f2937",
        "--popover-foreground": "#f8fafc",
        "--muted": "#334155",
        "--muted-foreground": "#cbd5e1",
        "--primary": "#3b82f6",
        "--primary-foreground": "#ffffff",
        "--primary-hover": "#2563eb",
        "--secondary": "#8b5cf6",
        "--secondary-foreground": "#ffffff",
        "--secondary-hover": "#7c3aed",
        "--accent": "#f97316",
        "--accent-foreground": "#ffffff",
        "--destructive": "#ef4444",
        "--destructive-foreground": "#ffffff",
        "--border": "#334155",
        "--input": "#475569",
        "--ring": "#3b82f6",
        "--link": "#60a5fa"
      }
    },
    "honey": {
      "name": "Honey",
      "tokens": {
        "--background": "#fff7ed",
        "--foreground": "#1a1a1a",
        "--card": "#fffbeb",
        "--card-foreground": "#1a1a1a",
        "--popover": "#fef3c7",
        "--popover-foreground": "#1a1a1a",
        "--muted": "#fde68a",
        "--muted-foreground": "#4a3620",
        "--primary": "#f59e0b",
        "--primary-foreground": "#1a1a1a",
        "--primary-hover": "#d97706",
        "--secondary": "#fbbf24",
        "--secondary-foreground": "#1a1a1a",
        "--secondary-hover": "#f59e0b",
        "--accent": "#f87171",
        "--accent-foreground": "#1a1a1a",
        "--destructive": "#dc2626",
        "--destructive-foreground": "#ffffff",
        "--border": "#fcd34d",
        "--input": "#facc15",
        "--ring": "#f59e0b",
        "--link": "#d97706"
      }
    },
    "forest": {
      "name": "Forest",
      "tokens": {
        "--background": "#f0fdf4",
        "--foreground": "#052e16",
        "--card": "#ffffff",
        "--card-foreground": "#052e16",
        "--popover": "#dcfce7",
        "--popover-foreground": "#052e16",
        "--muted": "#bbf7d0",
        "--muted-foreground": "#065f46",
        "--primary": "#16a34a",
        "--primary-foreground": "#ffffff",
        "--primary-hover": "#15803d",
        "--secondary": "#22c55e",
        "--secondary-foreground": "#ffffff",
        "--secondary-hover": "#16a34a",
        "--accent": "#65a30d",
        "--accent-foreground": "#ffffff",
        "--destructive": "#b91c1c",
        "--destructive-foreground": "#ffffff",
        "--border": "#86efac",
        "--input": "#4ade80",
        "--ring": "#16a34a",
        "--link": "#166534"
      }
    },
    "midnight": {
      "name": "Midnight",
      "tokens": {
        "--background": "#0d0d0d",
        "--foreground": "#f5f5f5",
        "--card": "#1a1a1a",
        "--card-foreground": "#f5f5f5",
        "--popover": "#262626",
        "--popover-foreground": "#f5f5f5",
        "--muted": "#404040",
        "--muted-foreground": "#a3a3a3",
        "--primary": "#2563eb",
        "--primary-foreground": "#ffffff",
        "--primary-hover": "#1d4ed8",
        "--secondary": "#9333ea",
        "--secondary-foreground": "#ffffff",
        "--secondary-hover": "#7e22ce",
        "--accent": "#f43f5e",
        "--accent-foreground": "#ffffff",
        "--destructive": "#dc2626",
        "--destructive-foreground": "#ffffff",
        "--border": "#262626",
        "--input": "#333333",
        "--ring": "#2563eb",
        "--link": "#3b82f6"
      }
    }
  }
}
